<?xml version="1.0"?>
<doc>
    <assembly>
        <name>elkibambo</name>
    </assembly>
    <members>
        <member name="T:ElKibambo.KibamboColumnType">
            <summary>
            Specifies the type of column value.
            </summary>
            <summary lang="fr">
            Indique le type de valeur de la colonne.
            </summary>
        </member>
        <member name="F:ElKibambo.KibamboColumnType.String">
            <summary>
            A character string.
            </summary>
            <summary lang="fr">
            Une chaîne de caractères.
            </summary>
        </member>
        <member name="F:ElKibambo.KibamboColumnType.Numeric">
            <summary>
            A numeric value (integer, float, etc.).
            </summary>
            <summary lang="fr">
            Une valeur numérique (entier, flottant, etc.).
            </summary>
        </member>
        <member name="T:ElKibambo.KibamboComparisonType">
            <summary>
            Allows you to specify the type of comparison.
            </summary>
            <summary lang="fr">
            Permet de spécifier le type de comparaison.
            </summary>
        </member>
        <member name="F:ElKibambo.KibamboComparisonType.CaseSensitive">
            <summary>
            Ordinal comparison of case-sensitive character strings.
            </summary>
            <summary lang="fr">
            Comparaison ordinale des chaînes de caractères respectant la casse. 
            </summary>
        </member>
        <member name="F:ElKibambo.KibamboComparisonType.IgnoreCase">
            <summary>
            Case-insensitive ordinal comparison of character strings.
            </summary>
            <summary lang="fr">
            Comparaison ordinale des chaînes de caractères non sensible à la casse.
            </summary>
        </member>
        <member name="F:ElKibambo.KibamboComparisonType.IgnoreDiacriticSigns">
            <summary>
            Comparison ignoring diacritics including mainly accents.
            </summary>
            <summary lang="fr">
            Comparaison ignorant les signes diacritiques dont principalement les accents.
            </summary>
        </member>
        <member name="F:ElKibambo.KibamboComparisonType.IgnoreDiacriticSignsAndCase">
            <summary>
            Comparison ignoring diacritics and breakage.
            </summary>
            <summary lang="fr">
            Comparaison ignorant les signes diacritiques et la casse.
            </summary>
        </member>
        <member name="T:ElKibambo.KibamboDelegate">
            <summary>
            A function that returns nothing and receives as the only parameter an object of type <c>DataGridViewRow</c>.
            </summary>
            <param name="row">A <c>DataGridView</c> object that represents a row in a data grid.</param>
            <summary lang="fr">
            Fonction qui ne renvoie rien et qui reçoit comme seul paramètre un objet de type <c>DataGridViewRow</c>.
            </summary>
            <param name="row" lang="fr">Objet <c>DataGridView</c> répresentant une ligne d'une grille de données.</param>
        </member>
        <member name="T:ElKibambo.Kibambo">
            <summary>
            The main class of the library. It is thanks to her that the research is implemented.
            </summary>
            <summary lang="fr">
            Classe principale de la bibliothèque. C’est grâce à elle que la recherche est mise en œuvre.
            </summary>
        </member>
        <member name="P:ElKibambo.Kibambo.RowsSatisfied">
            <summary>
            Collection of rows that met the search criteria.
            </summary>
            <summary lang="fr">
            Collection des lignes ayant satisfait aux critères de recherche.
            </summary>
        </member>
        <member name="P:ElKibambo.Kibambo.RowsUnsatisfied">
            <summary>
            A collection of rows that did not meet the search criteria.
            </summary>
            <summary lang="fr">
            Collection des lignes n'ayant pas satisfait aux critères de recherche.
            </summary>
        </member>
        <member name="P:ElKibambo.Kibambo.SearchHandler">
            <summary>
            Delegate who will receive in turn each row that met the search criteria when running the <c>Kibambo.Search()</c> method.
            </summary>
            <summary lang="fr">
            Délégué qui recevra tour à tour chaque ligne ayant satisfait aux critères de recherche lors de l'exécution de la méthode <c>Kibambo.Search()</c>.
            </summary>
        </member>
        <member name="P:ElKibambo.Kibambo.CancelSearchHandler">
            <summary>
            Delegate who will receive in turn each line that did not meet the search criteria. The operation that will be performed when the <c>Kibambo.ShowAll()</c> method is executed.
            </summary>
            <summary lang="fr">
            Délégué qui recevra tour à tour chaque ligne n'ayant pas satisfait aux critères de recherche. Opération qui sera effectuée lors de l'exécution de la méthode <c>Kibambo.ShowAll()</c>.
            </summary>
        </member>
        <member name="P:ElKibambo.Kibambo.Columns">
            <summary>
            Provides read and write access to <c>KibamboColumn</c> objects representing each column in the data grid.
            </summary>
            <summary lang="fr">
            Permet d’accéder en lecture comme en écriture aux objets <c>KibamboColumn</c> représentant chaque colonne de la grille de données.
            </summary>
        </member>
        <member name="P:ElKibambo.Kibambo.ComparisonType">
            <summary>
            Allows you to specify the type of comparison to use during the search. 
            </summary>
            <summary lang="fr">
            Permet de spécifier le type de comparaison à utiliser lors de la recherche. 
            </summary>
        </member>
        <member name="P:ElKibambo.Kibambo.AutoCompleteColumns">
            <summary>
            Instructs El Kibambo to automatically complete or not the unspecified columns.
            </summary>
            <summary lang="fr">
            Indique à El Kibambo de compléter automatiquement ou non les colonnes non spécifiées.
            </summary>
        </member>
        <member name="P:ElKibambo.Kibambo.TitleField">
            <summary>
            The string to display as the header for the first column of the search <c>DataGridView</c>.
            </summary>
            <summary lang="fr">
            Chaîne à afficher comme en-tête pour la première colonne du <c>DataGridView</c> de recherche.
            </summary>
        </member>
        <member name="P:ElKibambo.Kibambo.TitleType">
            <summary>
            The string to display as the header for the second column of the search <c>DataGridView</c>.
            </summary>
            <summary lang="fr">
            Chaîne à afficher comme en-tête pour la deuxième colonne du <c>DataGridView</c> de recherche.
            </summary>
        </member>
        <member name="P:ElKibambo.Kibambo.TitleOperator">
            <summary>
            The string to display as the header for the third column of the search <c>DataGridView</c>.
            </summary>
            <summary lang="fr">
            Chaîne à afficher comme en-tête pour la troisième colonne du <c>DataGridView</c> de recherche.
            </summary>
        </member>
        <member name="P:ElKibambo.Kibambo.TitleValue">
            <summary>
            The string to display as the header for the fourth column of the search <c>DataGridView</c>.
            </summary>
            <summary lang="fr">
            Chaîne à afficher comme en-tête pour la quatrième colonne du <c>DataGridView</c> de recherche.
            </summary>
        </member>
        <member name="M:ElKibambo.Kibambo.#ctor(System.Windows.Forms.DataGridView,System.Windows.Forms.DataGridView,System.Boolean)">
            <summary>
            Initializes a <c>Kibambo</c> object by specifying the grid containing the data, the grid that will be used to perform searches, and an optional parameter indicating whether you would like to automatically complete unspecified columns.
            </summary>
            <param name="dgvData">The <c>DataGridView</c> containing the data.</param>
            <param name="dgvSearch"><c>DataGridView</c> which will allow to set up the search functionalities.</param>
            <param name="autoCompleteColumns">Indicates whether we want El Kibambo to automatically complete or not the unspecified columns.</param>
            <summary lang="fr">
            Initialise un objet <c>Kibambo</c> en spécifiant la grille contenant les données, la grille qui permettra d'effectuer des recherches, et un paramètre optionel indiquant si on aimerait compléter automatiquement les colonnes non spécifiées.
            </summary>
            <param name="dgvData" lang="fr">Le <c>DataGridView</c> contenant les données.</param>
            <param name="dgvSearch" lang="fr"><c>DataGridView</c> qui va permettre de mettre en place les fonctionnalités de recherche.</param>
            <param name="autoCompleteColumns" lang="fr">Indique si nous voulons à ce qu’El Kibambo complète automatiquement ou non les colonnes non spécifiées.</param>
        </member>
        <member name="M:ElKibambo.Kibambo.#ctor(System.Windows.Forms.DataGridView,System.Windows.Forms.DataGridView,ElKibambo.KibamboDelegate,System.Boolean)">
            <summary>
            Initializes a <c>Kibambo</c> object by specifying the grid containing the data, the grid that will be used to perform searches, a delegate that will receive all rows that have met the search criteria, and an optional parameter indicating whether you would like to automatically complete unspecified columns.
            </summary>
            <param name="dgvData">The <c>DataGridView</c> containing the data.</param>
            <param name="dgvSearch"><c>DataGridView</c> which will allow to set up the search functionalities.</param>
            <param name="searchHandler">Delegate to call during the search.</param>
            <param name="autoCompleteColumns">Indicates whether we want El Kibambo to automatically complete or not the unspecified columns.</param>
            <summary lang="fr">
            Initialise un objet <c>Kibambo</c> en spécifiant la grille contenant les données, la grille qui permettra d'effectuer des recherches, un délégue qui recevra toutes les lignes ayant satisfait aux critères de recherche, et un paramètre optionel indiquant si on aimerait compléter automatiquement les colonnes non spécifiées.
            </summary>
            <param name="dgvData" lang="fr">Le <c>DataGridView</c> contenant les données.</param>
            <param name="dgvSearch" lang="fr"><c>DataGridView</c> qui va permettre de mettre en place les fonctionnalités de recherche.</param>
            <param name="searchHandler" lang="fr">Délégué à appeler lors de la recherche.</param>
            <param name="autoCompleteColumns" lang="fr">Indique si nous voulons à ce qu’El Kibambo complète automatiquement ou non les colonnes non spécifiées.</param>
        </member>
        <member name="M:ElKibambo.Kibambo.#ctor(System.Windows.Forms.DataGridView,System.Windows.Forms.DataGridView,ElKibambo.KibamboColumn[],System.Boolean)">
            <summary>
            Initializes a <c>Kibambo</c> object by specifying the grid containing the data, the grid that will be used to perform searches, an array of <c>KibamboColumn</c> objects, and an optional parameter indicating whether you would like to automatically complete unspecified columns.
            </summary>
            <param name="dgvData">The <c>DataGridView</c> containing the data.</param>
            <param name="dgvSearch"><c>DataGridView</c> which will allow to set up the search functionalities.</param>
            <param name="columns">An array of <c>KibamboColumn</c> objects that reference each column in the grid containing the data.</param>
            <param name="autoCompleteColumns">Indicates whether we want El Kibambo to automatically complete or not the unspecified columns.</param>
            <summary lang="fr">
            Initialise un objet <c>Kibambo</c> en spécifiant la grille contenant les données, la grille qui permettra d'effectuer des recherches, un tableau des objets <c>KibamboColumn</c> et un paramètre optionel indiquant si on aimerait compléter automatiquement les colonnes non spécifiées.
            </summary>
            <param name="dgvData" lang="fr">Le <c>DataGridView</c> contenant les données.</param>
            <param name="dgvSearch" lang="fr"><c>DataGridView</c> qui va permettre de mettre en place les fonctionnalités de recherche.</param>
            <param name="columns" lang="fr">Tableau d’objets <c>KibamboColumn</c> faisant référence à chaque colonne de la grille contenant les données.</param>
            <param name="autoCompleteColumns" lang="fr">Indique si nous voulons à ce qu’El Kibambo complète automatiquement ou non les colonnes non spécifiées.</param>
        </member>
        <member name="M:ElKibambo.Kibambo.#ctor(System.Windows.Forms.DataGridView,System.Windows.Forms.DataGridView,ElKibambo.KibamboColumn[],ElKibambo.KibamboDelegate,System.Boolean)">
            <summary>
            Initializes a <c>Kibambo</c> object by specifying the grid containing the data, the grid that will be used to perform searches, an array of <c>KibamboColumn</c> objects, a delegate that will receive all rows that have met the search criteria, and an optional parameter indicating whether you would like to automatically complete unspecified columns.
            </summary>
            <param name="dgvData">The <c>DataGridView</c> containing the data.</param>
            <param name="dgvSearch"><c>DataGridView</c> which will allow to set up the search functionalities.</param>
            <param name="columns">An array of <c>KibamboColumn</c> objects that reference each column in the grid containing the data.</param>
            <param name="searchHandler">Delegate to call during the search.</param>
            <param name="autoCompleteColumns">Indicates whether we want El Kibambo to automatically complete or not the unspecified columns.</param>
            <summary lang="fr">
            Initialise un objet <c>Kibambo</c> en spécifiant la grille contenant les données, la grille qui permettra d'effectuer des recherches, un tableau des objets <c>KibamboColumn</c>, un délégue qui recevra toutes les lignes ayant satisfait aux critères de recherche, et un paramètre optionel indiquant si on aimerait compléter automatiquement les colonnes non spécifiées.
            </summary>
            <param name="dgvData" lang="fr">Le <c>DataGridView</c> contenant les données.</param>
            <param name="dgvSearch" lang="fr"><c>DataGridView</c> qui va permettre de mettre en place les fonctionnalités de recherche.</param>
            <param name="columns" lang="fr">Tableau d’objets <c>KibamboColumn</c> faisant référence à chaque colonne de la grille contenant les données.</param>
            <param name="searchHandler" lang="fr">Délégué à appeler lors de la recherche.</param>
            <param name="autoCompleteColumns" lang="fr">Indique si nous voulons à ce qu’El Kibambo complète automatiquement ou non les colonnes non spécifiées.</param>
        </member>
        <member name="M:ElKibambo.Kibambo.#ctor(System.Windows.Forms.DataGridView,System.Windows.Forms.DataGridView,ElKibambo.KibamboDelegate,ElKibambo.KibamboDelegate,System.Boolean)">
            <summary>
            Initializes a <c>Kibambo</c> object by specifying the grid containing the data, the grid that will be used to perform searches, a delegate that will receive all rows that have met the search criteria, a delegate that will receive all rows that have not met the search criteria, and an optional parameter indicating whether you would like to automatically complete the unspecified columns.
            </summary>
            <param name="dgvData">The <c>DataGridView</c> containing the data.</param>
            <param name="dgvSearch"><c>DataGridView</c> which will allow to set up the search functionalities.</param>
            <param name="searchHandler">Delegate to call during the search.</param>
            <param name="cancelSearchHandler">Delegate who will be called when you want to cancel the search.</param>
            <param name="autoCompleteColumns">Indicates whether we want El Kibambo to automatically complete or not the unspecified columns.</param>
            <summary lang="fr">
            Initialise un objet <c>Kibambo</c> en spécifiant la grille contenant les données, la grille qui permettra d'effectuer des recherches, un délégue qui recevra toutes les lignes ayant satisfait aux critères de recherche, un délégue qui recevra toutes les lignes n'ayant pas satisfait aux critères de recherche, et un paramètre optionel indiquant si on aimerait compléter automatiquement les colonnes non spécifiées.
            </summary>
            <param name="dgvData" lang="fr">Le <c>DataGridView</c> contenant les données.</param>
            <param name="dgvSearch" lang="fr"><c>DataGridView</c> qui va permettre de mettre en place les fonctionnalités de recherche.</param>
            <param name="searchHandler" lang="fr">Délégué à appeler lors de la recherche.</param>
            <param name="cancelSearchHandler" lang="fr">Délégué qui sera appeler lorsqu'on voudra annuler la recherche.</param>
            <param name="autoCompleteColumns" lang="fr">Indique si nous voulons à ce qu’El Kibambo complète automatiquement ou non les colonnes non spécifiées.</param>
        </member>
        <member name="M:ElKibambo.Kibambo.#ctor(System.Windows.Forms.DataGridView,System.Windows.Forms.DataGridView,ElKibambo.KibamboColumn[],ElKibambo.KibamboDelegate,ElKibambo.KibamboDelegate,System.Boolean)">
            <summary>
            Initializes a <c>Kibambo</c> object by specifying the grid containing the data, the grid that will be used to perform searches, an array of <c>KibamboColumn</c> objects, a delegate that will receive all rows that have met the search criteria, a delegate that will receive all rows that have not met the search criteria, and an optional parameter indicating whether you would like to automatically complete unspecified columns.
            </summary>
            <param name="dgvData">The <c>DataGridView</c> containing the data.</param>
            <param name="dgvSearch"><c>DataGridView</c> which will allow to set up the search functionalities.</param>
            <param name="columns">An array of <c>KibamboColumn</c> objects that reference each column in the grid containing the data.</param>
            <param name="searchHandler">Delegate to call during the search.</param>
            <param name="cancelSearchHandler">Delegate who will be called when one wants to cancel the search.</param>
            <param name="autoCompleteColumns">Indicates whether we want El Kibambo to automatically complete or not the unspecified columns.</param>
            <summary lang="fr">
            Initialise un objet <c>Kibambo</c> en spécifiant la grille contenant les données, la grille qui permettra d'effectuer des recherches, un tableau des objets <c>KibamboColumn</c>, un délégue qui recevra toutes les lignes ayant satisfait aux critères de recherche, un délégue qui recevra toutes les lignes n'ayant pas satisfait aux critères de recherche, et un paramètre optionel indiquant si on aimerait compléter automatiquement les colonnes non spécifiées.
            </summary>
            <param name="dgvData" lang="fr">Le <c>DataGridView</c> contenant les données.</param>
            <param name="dgvSearch" lang="fr"><c>DataGridView</c> qui va permettre de mettre en place les fonctionnalités de recherche.</param>
            <param name="columns" lang="fr">Tableau d’objets <c>KibamboColumn</c> faisant référence à chaque colonne de la grille contenant les données.</param>
            <param name="searchHandler" lang="fr">Délégué à appeler lors de la recherche.</param>
            <param name="cancelSearchHandler" lang="fr">Délégué qui sera appeler losqu'on voudra annuler la recherche.</param>
            <param name="autoCompleteColumns" lang="fr">Indique si nous voulons à ce qu’El Kibambo complète automatiquement ou non les colonnes non spécifiées.</param>
        </member>
        <member name="M:ElKibambo.Kibambo.Initialize">
            <summary>
            Method called to initialize/reset El Kibambo. It is to be called just after building the Kibambo object or after modifying its properties.
            </summary>
            <summary lang="fr">
            Méthode appelée pour initialiser/réinitialiser El Kibambo. Elle est à appeler juste après avoir construit l’objet Kibambo ou après modification de ses propriétés.
            </summary>
        </member>
        <member name="M:ElKibambo.Kibambo.Search">
            <summary>
            The method to call to initiate search operations.
            </summary>
            <summary lang="fr">
            Méthode à appeler pour lancer les opérations de recherche.
            </summary>
        </member>
        <member name="M:ElKibambo.Kibambo.CancelSearch">
            <summary>
            Method to call to cancel the search.
            </summary>
            <summary lang="fr">
            Méthode à appeler pour annuler la recherche.
            </summary>
        </member>
        <member name="T:ElKibambo.KibamboColumn">
            <summary>
            A class that is used to represent each column in the grid containing the data. 
            </summary>
            <summary lang="fr">
            Classe qui permet de représenter chaque colonne de la grille contenant les données. 
            </summary>
        </member>
        <member name="F:ElKibambo.KibamboColumn.SupportedOperators">
            <summary>
            Static, read-only property giving operators supported by El Kibambo.
            </summary>
            <summary lang="fr">
            Propriété statique, en lecture seule donnant les opérateurs pris en charge par El Kibambo.
            </summary>
        </member>
        <member name="P:ElKibambo.KibamboColumn.Name">
            <summary>
            Refers to the <c>DataGridViewColumn.Name</c> property of the grid column containing the data that the KibamboColumn object represents. 
            </summary>
            <summary lang="fr">
            Fait référence à la propriété <c>DataGridViewColumn.Name</c> de la colonne de la grille contenant les données que l’objet KibamboColumn représente. 
            </summary>
        </member>
        <member name="P:ElKibambo.KibamboColumn.Header">
            <summary>
            Name of the column, and which will be displayed by El Kibambo. 
            </summary>
            <summary lang="fr">
            Nom de la colonne, et qui sera affiché par El Kibambo. 
            </summary>
        </member>
        <member name="P:ElKibambo.KibamboColumn.ColumnType">
            <summary>
            The type of the column. 
            </summary>
            <summary lang="fr">
            Type de la colonne. 
            </summary>
        </member>
        <member name="P:ElKibambo.KibamboColumn.HeaderColumnType">
            <summary>
            The type of column to be displayed by El Kibambo in the search grid.
            </summary>
            <summary lang="fr">
            Type de colonne à afficher par El Kibambo dans la grille de recherche.
            </summary>
        </member>
        <member name="P:ElKibambo.KibamboColumn.Operators">
            <summary>
            The table of comparison operator signs to use for the column.
            </summary>
            <summary lang="fr">
            Tableau des signes d’opérateurs de comparaison à utiliser pour la colonne.
            </summary>
        </member>
        <member name="M:ElKibambo.KibamboColumn.#ctor(System.String,System.String)">
            <summary>
            Initializes an object by specifying just the internal name of the column and its title.
            </summary>
            <param name="name">The value to assign in the <c>KibamboColumn.Name</c> property.</param>
            <param name="header">The value to assign in the <c>KibamboColumn.Header</c> property.</param>
            <summary lang="fr">
            Initialise un objet <c>KibamboColumn</c> en spécifiant juste le nom interne de la colonne et son intitulé.
            </summary>
            <param name="name" lang="fr">Valeur à affecter dans la propriété <c>KibamboColumn.Name</c>.</param>
            <param name="header" lang="fr">Valeur à affecter dans la propriété <c>KibamboColumn.Header</c>.</param>
        </member>
        <member name="M:ElKibambo.KibamboColumn.#ctor(System.String,ElKibambo.KibamboColumnType)">
            <summary>
            Initializes a <c>KibamboColumn</c> object by specifying just the internal name of the column and its title.
            </summary>
            <param name="name">The value to assign in the <c>KibamboColumn.Name</c> property.</param>
            <param name="columnType">The value to assign in the <c>KibamboColumn.ColumnType</c> property.</param>
            <summary lang="fr">
            Initialise un objet <c>KibamboColumn</c> en spécifiant juste le nom interne de la colonne et son intitulé.
            </summary>
            <param name="name" lang="fr">Valeur à affecter dans la propriété <c>KibamboColumn.Name</c>.</param>
            <param name="columnType" lang="fr">Valeur à affecter dans la propriété <c>KibamboColumn.ColumnType</c>.</param>
        </member>
        <member name="M:ElKibambo.KibamboColumn.#ctor(System.String,System.String,ElKibambo.KibamboColumnType)">
            <summary>
            Initializes a <c>KibamboColumn</c> object by specifying the column's internal name, column title, and column type.
            </summary>
            <param name="name">The value to assign in the property <c>KibamboColumn.Name</c>.</param>
            <param name="header">The value to assign in the property <c>KibamboColumn.Header</c>.</param>
            <param name="columnType">The value to assign in the property <c>KibamboColumn.ColumnType</c>.</param>
            <summary lang="fr">
            Initialise un objet <c>KibamboColumn</c> en spécifiant le nom interne de la colonne, l'intitulé de la colonne, et le type de la colonne.
            </summary>
            <param name="name" lang="fr">Valeur à affecter dans la propriété <c>KibamboColumn.Name</c>.</param>
            <param name="header" lang="fr">Valeur à affecter dans la propriété <c>KibamboColumn.Header</c>.</param>
            <param name="columnType" lang="fr">Valeur à affecter dans la propriété <c>KibamboColumn.ColumnType</c>.</param>
        </member>
        <member name="M:ElKibambo.KibamboColumn.#ctor(System.String,System.String,ElKibambo.KibamboColumnType,System.String)">
            <summary>
            Initializes a <c>KibamboColumn</c> object by specifying the column's internal name, column title, column type, and column type title.
            </summary>
            <param name="name">The value to assign in the property <c>KibamboColumn.Name</c>.</param>
            <param name="header">The value to assign in the property <c>KibamboColumn.Header</c>.</param>
            <param name="columnType">The value to assign in the property <c>KibamboColumn.ColumnType</c>.</param>
            <param name="headerColumnType">The value to assign in the property <c>KibamboColumn.HeaderColumnType</c>.</param>
            <summary lang="fr">
            Initialise un objet <c>KibamboColumn</c> en spécifiant le nom interne de la colonne, l'intitulé de la colonne, le type de la colonne, et l'intitulé du type de la colonne.
            </summary>
            <param name="name" lang="fr">Valeur à affecter dans la propriété <c>KibamboColumn.Name</c>.</param>
            <param name="header" lang="fr">Valeur à affecter dans la propriété <c>KibamboColumn.Header</c>.</param>
            <param name="columnType" lang="fr">Valeur à affecter dans la propriété <c>KibamboColumn.ColumnType</c>.</param>
            <param name="headerColumnType" lang="fr">Valeur à affecter dans la propriété <c>KibamboColumn.HeaderColumnType</c>.</param>
        </member>
        <member name="M:ElKibambo.KibamboColumn.#ctor(System.String,System.String,ElKibambo.KibamboColumnType,System.String,System.String[])">
            <summary>
            Initializes a <c>KibamboColumn</c> object by specifying the column's internal name, column title, column type type, column type title, and an array of comparison operators to use for the column.
            </summary>
            <param name="name">The value to assign in the property <c>KibamboColumn.Name</c>.</param>
            <param name="header">The value to assign in the property <c>KibamboColumn.Header</c>.</param>
            <param name="columnType">The value to assign in the property <c>KibamboColumn.ColumnType</c>.</param>
            <param name="headerColumnType">The value to assign in the property <c>KibamboColumn.HeaderColumnType</c>.</param>
            <param name="operators">The value to assign in the property <c>KibamboColumn.Operators</c>.</param>
            <summary lang="fr">
            Initialise un objet <c>KibamboColumn</c> en spécifiant le nom interne de la colonne, l'intitulé de la colonne, le type de la colonne, l'intitulé du type de la colonne, et un tableau des opérateurs de comparaison à utiliser pour la colonne.
            </summary>
            <param name="name" lang="fr">Valeur à affecter dans la propriété <c>KibamboColumn.Name</c>.</param>
            <param name="header" lang="fr">Valeur à affecter dans la propriété <c>KibamboColumn.Header</c>.</param>
            <param name="columnType" lang="fr">Valeur à affecter dans la propriété <c>KibamboColumn.ColumnType</c>.</param>
            <param name="headerColumnType" lang="fr">Valeur à affecter dans la propriété <c>KibamboColumn.HeaderColumnType</c>.</param>
            <param name="operators" lang="fr">Valeur à affecter dans la propriété <c>KibamboColumn.Operators</c>.</param>
        </member>
        <member name="M:ElKibambo.KibamboColumn.ToString">
            <summary>
            Returns the column title.
            </summary>
            <returns>A string of characters.</returns>
            <summary lang="fr">
            Renvoie l'intitulé de la colonne.
            </summary>
            <returns lang="fr">Une chaîne de caractères.</returns>
        </member>
        <member name="T:ElKibambo.KibamboException">
            <summary>
            In the event of an error, El Kibambo triggers exceptions of this type. 
            </summary>
            <summary lang="fr">
            En cas d’erreur, El Kibambo déclenche des exceptions de ce type. 
            </summary>
        </member>
        <member name="P:ElKibambo.KibamboException.Message">
            <summary>
            Provides a detailing message.
            </summary>
            <summary lang="fr">
            Fournit un message détaillant l’erreur.
            </summary>
        </member>
        <member name="P:ElKibambo.KibamboException.ErrorCode">
            <summary>
            This property contains the error code, which is of type <c>KibamboErrorCode</c>.
            </summary>
            <summary lang="fr">
            Cette propriété contient le code d’erreur, qui est de type <c>KibamboErrorCode</c>.
            </summary>
        </member>
        <member name="M:ElKibambo.KibamboException.#ctor(ElKibambo.KibamboErrorCode)">
            <summary>
            A single constructor of the <c>KibamboException</c> class that takes the error type as an argument.
            </summary>
            <param name="errorCode">The type of error that occurred.</param>
            <summary lang="fr">
            Constructeur unique de la classe <c>KibamboException</c> prenant en argument le type d'erreur.
            </summary>
            <param name="errorCode" lang="fr">Le type d'erreur ayant survenu.</param>
        </member>
        <member name="M:ElKibambo.KibamboException.ToString">
            <summary>
            Describes the exception that occurred.
            </summary>
            <summary lang="fr">
            Décrit l'exception qui est survenue.
            </summary>
        </member>
        <member name="T:ElKibambo.KibamboErrorCode">
            <summary>
            <c>KibamboErrorCode</c> gives us more details about the type of error.
            </summary>
            <summary lang="fr">
            <c>KibamboErrorCode</c> nous donne plus de précisions sur le type d’erreur.
            </summary>
        </member>
        <member name="F:ElKibambo.KibamboErrorCode.ColumnNotRecognized">
            <summary>
            Error triggered in case El Kibambo cannot find a column. 
            </summary>
            <summary lang="fr">
            Erreur déclenchée au cas où El Kibambo n’arrive pas à retrouver une colonne. 
            </summary>
        </member>
        <member name="F:ElKibambo.KibamboErrorCode.ColumnsNotSpecified">
            <summary>
            Error due to the fact that we did not specify columns when building the <c>Kibambo</c> object and the <c>Kibambo.AutoCompleteColumns</c> property is <c>false</c>.
            </summary>
            <summary lang="fr">
            Erreur due au fait que nous n’avons pas spécifié des colonnes lors de la construction de l’objet <c>Kibambo</c> et que la propriété <c>Kibambo.AutoCompleteColumns</c> vaut <c>false</c>.
            </summary>
        </member>
        <member name="F:ElKibambo.KibamboErrorCode.ComparisonTypeNotRecognized">
            <summary>
            Error due to the fact that El Kibambo cannot determine the type of comparison.
            </summary>
            <summary lang="fr">
            Erreur due au fait qu’El Kibambo n’arrive pas à déterminer le type de comparaison.
            </summary>
        </member>
        <member name="F:ElKibambo.KibamboErrorCode.DgvOfDataMustBeDifferentThanDgvOfSearch">
            <summary>
            Error due to the fact that we pass the same <c>DataGridView</c> as the grid containing the data and also as a search grid when instantiating the <c>Kibambo</c> object. 
            </summary>
            <summary lang="fr">
            Erreur due au fait que nous passions un même <c>DataGridView</c> comme grille contenant les données et aussi comme grille de recherche lors de l’instanciation de l’objet <c>Kibambo</c>. 
            </summary>
        </member>
        <member name="F:ElKibambo.KibamboErrorCode.MoreColumnsThanDgvData">
            <summary>
            Occurs if we pass more <c>KibamboColumn</c> objects to the <c>Kibambo</c> object than the grid containing the data actually contains.
            </summary>
            <summary lang="fr">
            Survient si nous passons plus d’objets <c>KibamboColumn</c> à l’objet <c>Kibambo</c> que n’en contient réellement la grille contenant les données.
            </summary>
        </member>
        <member name="F:ElKibambo.KibamboErrorCode.OperatorNotRecognized">
            <summary>
            Error occurring in the event that El Kibambo cannot recognize the comparison operator during the search. 
            </summary>
            <summary lang="fr">
            Erreur survenant dans le cas où El Kibambo n’arrive pas à reconnaitre l’operateur de comparaison lors de la recherche. 
            </summary>
        </member>
        <member name="F:ElKibambo.KibamboErrorCode.ValueMustBeNumeric">
            <summary>
            Error caused by the user entering a non-numeric value for a numeric column. 
            </summary>
            <summary lang="fr">
            Erreur due au fait que l’utilisateur saisit une valeur non numérique pour une colonne de type numérique. 
            </summary>
        </member>
        <member name="F:ElKibambo.KibamboErrorCode.YouMustSpecifyAtLeastOneOperator">
            <summary>
            Occurs if we pass an empty array for operators when building a <c>KibamboColumn</c> object.
            </summary>
            <summary lang="fr">
            Survient si nous passons un tableau vide pour les opérateurs lors de la construction d’un objet <c>KibamboColumn</c>.
            </summary>
        </member>
        <member name="T:ElKibambo.strings">
            <summary>
              Une classe de ressource fortement typée destinée, entre autres, à la consultation des chaînes localisées.
            </summary>
        </member>
        <member name="P:ElKibambo.strings.ResourceManager">
            <summary>
              Retourne l'instance ResourceManager mise en cache utilisée par cette classe.
            </summary>
        </member>
        <member name="P:ElKibambo.strings.Culture">
            <summary>
              Remplace la propriété CurrentUICulture du thread actuel pour toutes
              les recherches de ressources à l'aide de cette classe de ressource fortement typée.
            </summary>
        </member>
        <member name="P:ElKibambo.strings.columnNotRecognized">
            <summary>
              Recherche une chaîne localisée semblable à The column has not been recognized.
            </summary>
        </member>
        <member name="P:ElKibambo.strings.columnsNotSpecified">
            <summary>
              Recherche une chaîne localisée semblable à The Kibambo object does not have columns.
            </summary>
        </member>
        <member name="P:ElKibambo.strings.comparisonOperator">
            <summary>
              Recherche une chaîne localisée semblable à Operator.
            </summary>
        </member>
        <member name="P:ElKibambo.strings.comparisonTypeNotRecognized">
            <summary>
              Recherche une chaîne localisée semblable à The type of comparison has not been recognized.
            </summary>
        </member>
        <member name="P:ElKibambo.strings.defaultErrorMessage">
            <summary>
              Recherche une chaîne localisée semblable à Fatal intern error : the error code of enumeration KibamboErrorCode has not been recognized.
            </summary>
        </member>
        <member name="P:ElKibambo.strings.dgvOfDataMustBeDifferentThanDgvOfSearch">
            <summary>
              Recherche une chaîne localisée semblable à The DataGridView of data must be different than DataGridView of search.
            </summary>
        </member>
        <member name="P:ElKibambo.strings.errorMessage">
            <summary>
              Recherche une chaîne localisée semblable à Kibambo Error Message.
            </summary>
        </member>
        <member name="P:ElKibambo.strings.field">
            <summary>
              Recherche une chaîne localisée semblable à Field.
            </summary>
        </member>
        <member name="P:ElKibambo.strings.headerColumnTypeInt">
            <summary>
              Recherche une chaîne localisée semblable à Integer.
            </summary>
        </member>
        <member name="P:ElKibambo.strings.headerColumnTypeStr">
            <summary>
              Recherche une chaîne localisée semblable à String.
            </summary>
        </member>
        <member name="P:ElKibambo.strings.invalidValueField">
            <summary>
              Recherche une chaîne localisée semblable à The value of the attribute &lt;code&gt;TitleField&lt;/code&gt; must be a non-null string and non-empty characters.
            </summary>
        </member>
        <member name="P:ElKibambo.strings.invalidValueOperator">
            <summary>
              Recherche une chaîne localisée semblable à The value of the attribute &lt;code&gt;TitleOperator&lt;/code&gt; must be a non-null string and non-empty characters.
            </summary>
        </member>
        <member name="P:ElKibambo.strings.invalidValueType">
            <summary>
              Recherche une chaîne localisée semblable à The value of the attribute &lt;code&gt;TitleType&lt;/code&gt; must be a non-null string and non-empty characters.
            </summary>
        </member>
        <member name="P:ElKibambo.strings.invalidValueValue">
            <summary>
              Recherche une chaîne localisée semblable à The value of the attribute &lt;code&gt;TitleValue&lt;/code&gt; must be a non-null string and non-empty characters.
            </summary>
        </member>
        <member name="P:ElKibambo.strings.moreColumnsThanDgvData">
            <summary>
              Recherche une chaîne localisée semblable à More columns than a DataGridView who contains data.
            </summary>
        </member>
        <member name="P:ElKibambo.strings.operatorNotRecognized">
            <summary>
              Recherche une chaîne localisée semblable à The comparison operator has not been recognized.
            </summary>
        </member>
        <member name="P:ElKibambo.strings.type">
            <summary>
              Recherche une chaîne localisée semblable à Type.
            </summary>
        </member>
        <member name="P:ElKibambo.strings.value">
            <summary>
              Recherche une chaîne localisée semblable à Value.
            </summary>
        </member>
        <member name="P:ElKibambo.strings.valueMustBeNumeric">
            <summary>
              Recherche une chaîne localisée semblable à The value must be numeric.
            </summary>
        </member>
        <member name="P:ElKibambo.strings.youMustSpecifyAtLeastOneOperator">
            <summary>
              Recherche une chaîne localisée semblable à You must specify at least one operator.
            </summary>
        </member>
    </members>
</doc>
